article_number,article_name,category
4011,Banan Chiquita,
13800,Frukt & Grönt,
7350041427278,Färsk Salsiccia,
4016241050533,Kvarg hallon 0.2%,
7350041427407,Kycklingkorv,
7310532112236,*Linschips Sourcrea,
7318690137870,Lättkvarg Natur LF,
7318690490005,Ravioli svamp,
7318690115144,Standardmjölk 3%,
7318690490081,Tort soltor tomat,
4016241050540,Kvarg blåbär,
4016241050526,Kvarg vanilj 0.2%,
7300327552002,Kycklingköttbullar,
7311070008159,Levain,
2330078600000,Lövbiff,
7350002402658,*Feta,
4833,Färskpotatis,
7318690046905,ICA Bad&Toa 6-p,
7318690185611,I love ECO bacon,
2330076900000,Nötstek,
7392964301242,Ägg Frigående 6-pac,
5060337508988,*Energi Lewis Hamil,
2319177500000,Fransyska BBQ,
7318690491750,Lättkvarg Blå/Van,
7350025545554,Rökt skinka,
7318690497165,Äggnudlar,
7300300036642,Nötfärs,
7311310031039,Taco Spice Mix,
7392964158938,Ägg 15-pack frigåe,
7350115902045,Guacamole,
7350021421852,*Peanutbutter cream,
6430064403372,Tuttifrutti,
7300208345006,Bacon sk Scan 140g,
7300300037793,Nötfärs,
7318690046097,Hamburgare Bacon,
7318690002109,Kebabspett,
7310867548663,Kvarg vanilj Lfri,
7340063013702,Lammkorv,
7311070008494,*LantGoda,
7350022560826,Makrill 3-pack,
2330096100000,Nötfärs 12%,
2325214600000,Prästost,
7332205300108,Smått & gott potati,
5000112654417,*Zero Lime,
5000112645934,*Zero Vanilla ÅP,
7311311004537,Bikarbonat,
7300400482547,*Chocolate Chunks,
7318690140436,Creme Fraiche,
7300400482530,*Dark Chocolate,
9020,*Munkar,
9010,*Ringmunk,
7318690050995,*Torti chips chili,
7318690050988,*Tortil chips natur,
7350011741755,Vitlöksbaguetter,
7320020003427,Wienerkorv,
7318690081999,Bomullspads,
7318690161585,Bomullspinnar,
7313940580024,Chicken Kebab,
8718531852099,Citroner i nät,
2340386300000,Grevé 28% 12 mån,
7350126083191,X-tra allt Cheesy,
8714801410785,Am choco pannkakor,
7300209556005,Färskkorv Kolbasz,
8711200454471,*Klipp Iste Pe 50g,
7350011742042,Kycklingkebab,
7318690038979,*Nacho Chips,
7310520009326,*Original kakor,
7300201361003,Panbiff,
8001200024119,Penne agnesi,
7318690051008,*Torti chips ost,
3046920029674,*Excellence Havssal,
7311070003567,*Hönö Jollekaka,
7313940012648,Paneng red curry,
4000388179004,*Dove Tvål 500ml,
7318690069133,ICA Mat&kök 4-p,
7350035210114,*Nudlar Biff,
7350035210107,*Nudlar Kyckling,
7350035210152,*Nudlar Svamp,
5000209216511,*Colgate Tandb 1p,
7310401046723,*Läsk,
7318693325106,*Morot nyskördade,
7313940012617,Sweet chili kyckl.,
8718951312531,Tandkr Sens White,
7318690102861,Ägg frigående S,
7318690494447,A-fil+,
5449000133328,*Coca-Cola zero,
7350027794929,Fiori,
7300201949003,Kabanoss Ízletes,
9013,Vetelängder,
8712566101979,Big Milk Choklad,
2,Bärkasse papper,
2307127300000,Kycklfilébricka,
2307128400000,Lårfilé CriollaBBQ,
4005808222933,Nivea Rakgel 200ml,
7310130010866,Pannkakor,
7318690140276,Sirap ljus,
7340005406449,*chips Tryffelmajon,
2372786800000,Flapstek,
4100290025083,Iskaffe Latte,
7310867548656,Kvarg Hallon,
2307125100000,Mar tvådelad grill,
7340012503216,Salsiccia Naturell,
7310731102021,*Stockholm B.kaffe,
7318690085423,Aluminiumfolie,
7318690482222,*Basmatiris,
8717677336654,Choklad Ljus Karam,
7340005406050,*Delichips Bryntsmö,
7318690081609,Gouda i skivor,
5707381019298,*Jordn.smör Creamy,
7318690052678,Smör Normalsaltat,
7310130321122,AXA Havregryn,
8717677336630,Choklad Ljus Nouga,
7350028544905,*Swebar Päronglass,
2386136000000,Entrecoté,
7350041427292,Färsk Nötkorv,
7318690101154,Kulörtvätt,
7331398010016,Morötter i påse,
7311171008300,Musslor i vatten,
7350045594952,*Potchips Backy BBQ,
7310090755692,Risgröt Felix,
5056357900697,Soft Centres Cooki,
7311311004445,Svartpeppar Hel,
7318690501992,Tonfisk i vatten,
8714801411485,Amer banan pannkak,
8076800195019,Capellini,
7613287184337,*Flat White,
2307116100000,Kycklingbröstfilé,
6430048448061,Mandarin Yoghurt Ch,
8445290183965,*Salted Crml Mocha,
7311310032036,Tortilla Chips Che,
2328029300000,Hel lax,
2330068800000,Nötfärs,
7318690013402,*Tomater krossade,
7350136170003,Energituggummi,
5000112645941,*Läsk Vanilla,
5000112654400,*Zero Lime,
7313130180621,*Avfallspåse,
7310186023650,Friggs Ört-Te 25p,
8711327502611,Glasspinne Ban/Car,
7311810080216,Kooh-Norr Ceylonte,
7318690105909,*Tomater f.kr basil,
7318690178941,Vätskeersätt Sport,
7310760510149,Äppellund grönt te,
7310731101574,*Kaffe Fikastund BR,
2307124100000,kycklingben,
7310867501286,Lantmjölk Gammalda,
7310500184180,Tagliatell Chicken,
40111216,*Chokladbit Bounty,
8711327462915,Clovves Chokl/Kola,
5000159461122,*Godis Snickers50g,
5000159459228,*Godis Twix50g,
7310350134601,*Gröna Bilar,
7313940011801,Kycklinginnerfilé,
2328012800000,Nötfärs 12%,
7318690105923,*Tomater f.kr vitlö,
7318690080091,Wokgrönsaker,
7318690042198,Hamburgare origin,
2307135200000,Kycklinglårfilé,
7311312005878,Naan Bread Garlic,
73150244,Vätskeer Hallon br,
7318690498261,Flytande Honung,
7392672001410,Grekisk yogh eko,
7318690146490,Jordgubbssylt,
7318690144618,Pizza Capricciosa,
7340073300168,ProV Blåbär,
7318690502036,Juice äp/mo/in/ci,
7318690082552,Vitlöksbaguette,
7313940027116,Chicken sticks,
5060166694777,*Energidryck B,
2319221800000,*Flankstek vac Sv,
8711327462755,GamVanilj Hall/Blå,
7311070006209,*Gifflar Kanel,
7350025545561,Kokt skinka,
9014,*Lussekatt,
7350002404546,*Mezze Maniche,
7350017802108,*Morötter 1kg,
7350002404577,*Tortiglioni,
7310130321085,AXA Havregryn,
6408432000003,Dipp Sour cream,
4015600444419,Diskmedel original,
7392672004039,Kvarg Blåbär/Vanil,
8711000537527,Milea,
2319103300000,Nötfärs 12%,
7391704800144,Wettex 4p,
2307122200000,Mannerström 2-del,
2307117800000,Mästerkycklingfilé,
2372729700000,Entrecoté,
7350028548460,*Gainomax apple,
2340418100000,Herrgård 28% mi,
7318690028819,*Majskorn,
7310050001142,*Mellanrost Brygg,
4688,Paprika Röd,
7393853141109,Syrad rödkål,
7310350109906,*Bilar Original,
5060335635716,*Energidryck Ultra,
2320763300000,Kalvstek,
80053828,*Olivolja Classico,
7312060502152,Vit choklad Hallon,
7311310026745,*Chicken & Steak Kv,
7311310026752,*Chili Explos. Kv,
7318690131175,Finmald Lammfärs,
7311631524128,Finsalt m jod burk,
7300209458002,Färskkorv Chorizo,
7311310026806,*Tellicherry Peppar,
7350028543762,*Tu majsk Chia/havs,
7310751101066,*Jasminris,
2307139100000,Majslårfilé 8-pack,
8076809580861,*Mezzi Rigatoni Al,
7350036730031,Morot,
7393853161107,Syrad Borsjtj,
7318690058939,Ärter med fläsk,
7622300336738,*Cookies,
7312690201296,Tomte Pepparkakshu,
7311070008180,Gourm Hamburgerbr,
7318690099871,Hamburgare chili,
4082,Lök röd,
7318690093084,Risgrynsgröt,
6408432061233,Smör normalsaltat,
73150220,Vätskeer Apels bru,
9033,*chokladcroissant,
2357611800000,Entrecote,
9035,*Estellefläta,
7318690186137,*Potatis mjölig,
9007,*Wienerbröd,
7318690128847,Blåbär odlade,
5701092111067,Fläckbort white go,
2385034200000,Granarolo,
4666,Gul lök ICA,
7318690034308,Havregryn,
7318690101185,Vittvätt pulver,
7318690038559,*Äggnudlar,
3264,Lök vit Morado ICA,
8711327370753,Topped SaltCaramBr,
7318690081678,Handtvål mandelblo,
7311312005298,Oyster Sauce,
7313940012907,Strimlad lårfile,
8713807005636,AVOKADO I NÄT,
7318690502050,Juice äp/kiw/an/sp,
7313940011856,Majsinnerfilé,
4806,Tomater,
7310063743091,Ägg frig xtra stor,
7310090752691,Ärter m fläsk Feli,
7318690107071,*ICA God Ostkaka,
2307136100000,Kycklinglårfilé,
7318690054740,Paprika,
7332462077270,Stekspade,
2319151000000,Ungnötslever ICA,
7318690013556,Ägg 6p Eko/Krav L,
20462062,AVOKADO I NÄT,
6111258213655,Babyplommontomater,
2354861600000,Bacon ojämna skivor,
5903424662029,Champinjoner i ask,
7310760012919,Classic Svea Elbry,
5000112637991,*Cola Läsk Cherry,
8719200191624,Färskost Naturell,
7313940012679,strimlad kyckling,
7310186023551,Ört te-Kvällsro,
7310521053106,*Brago original,
7340063010404,Bratwurst,
7318690185567,Fettuccine tomat,
7311631530006,Flingsalt m Jod,
7318690143697,Körsbärstomat,
7613032873691,Nescafe Original,
7392672000468,Rysk yoghurt 17%.,
7310610018078,*Tvål Tall Ringblom,
6917986800675,Vitlök 250g,
7318690185369,Äppelmos,
7310070151209,*Apot Julmust 1.4l,
7310070151308,*Apot Julmust L 1.4,
7340005406029,*Delichips Cheddar,
5701073064139,*Kristyr rosa,
5701073064122,*Kristyr vit,
7312220235630,Pepparkakshus,
7318690491279,*Guacamole topping,
3254,Gurka styck,
7318690035879,*ICA Vetetortillas,
4682,Paprika Orange,
7318690117261,Riven ost,
7318690035862,Tacoskal 12 st,
7318690069348,*Tacosås medium,
7318690069331,*Tacosås mild,
8711000678657,*Farmers Brazil,
7318690185536,Fettuccine naturel,
7318690146858,Minichorizo Hot,
7300207702008,Prinskorv jul Scan,
2320751300000,Rostbiff i bit,
11210007253,Tabasco vitlök,
7300207769001,Tjock grillkorv,
80042525,Tomatpuré trippel,
7392964157436,Ägg 15-pack 750 g,
5449000137494,*Coca-Cola Zero 4p,
9002490215415,*Energy Drink sf,
7318690164333,*Kaffefilt vita 1x4,
9900,Kartong Monst shot,
7318690106593,Ägg M/L,
4048,*Lime,
7318690161981,Nötfärs 12%,
2319312200000,Ryggbiff mörmarin.,
8711327374607,Coconutterly Cara,
7310960042716,Hamburgare 180g,
6111259870055,Körsbärstomat i ask,
7350037195150,Lammkorv,
2319261200000,Minutbiff,
9011,*Muffins,
4834,Potatis fast,
7315360061503,*Delicatoboll 6-p,
2330071900000,Entrecôte,
2328010100000,Nötfärs 20%,
7350002400333,Olivolja classico,
7311310035341,*Teriyaki Sauce,
5903240555017,Champinjoner i ask,
7310060005154,Frigående M-L,
8722700132523,Glass Sandwich 6-p,
7318690166771,*Pannkakor,
7318690136170,*Taco kryddmix,
7318690081173,Basmati ris,
2372723500000,Nötstek nätad,
7350002405192,Olivolja Novello,
6970373280030,Vitlök nät,
2320019600000,B-Fransyska skin,
3182,*Citron ICA,
2340375300000,Hushållsost 26%,
7318690050919,*Kikärtor,
7318690079873,Mozzarella,
7310861040859,*Protein Bar Bluebe,
7340063016451,Roslagsgrill chili,
2307111100000,Kycklingfile skiv,
7318690013419,*Tomater passerade,
73150237,Vätskeers Sv vinb,
7318690176176,Bakpotatis,
7350126085744,*Blueberry Lemonade,
5449000018427,Coke Creation,
8714789584294,Colgate Tandb 1p,
7310130003561,Gammald Idealmakar,
7300300045835,Grillkorv tjock 4p,
7317731115389,*Havregryn,
2332762600000,Kycklsteak ti/sv/c,
7318690046790,*Morot,
7313134042987,Nitrilhandske L,
2320272100000,Nötstek fransyska,
5029053579160,Orig näsduk boks,
7318690028369,*Penne Rigate,
5000159541336,Snickersglass,
7318690505327,Sv kallpress äpple,
7331374151016,Basilika eko,
7310861000099,Grekisk yoghurt,
7340063016307,Roslagsgrill storpa,
7318690052036,Valnötskärnor,
7350004661480,Chili cheese nugge,
7318690031598,*Tomatpure tub,
2319124000000,Fläskytterfilé,
7318690081661,Handtvål Aqua Fres,
2354875800000,Ojämna bacon skivor,
54492653,Powerade Mountain,
7310070154101,Apotek. Påskmust,
7310890201191,Blåbärspaj,
9293,*Bubbies,
7340005406524,*Cheesy Burger,
7318690504078,Hoisinsås,
7350011740178,Minivårrullar,
7350002403761,Pecorino Riven,
7310070382306,Pepsi Max 1.5l,
7350027791850,Ricotta,
7340012500536,sals färs,
4662,Schalottenlök,
7340005406579,*Super cheez onion,
9009,*Bullar,
7318690144373,*ICA Tagliatelle,
4680,Paprika Gul,
7340063012606,Grillkorv,
7350027795520,*Mozzarella,
7310520011770,*Choco Crunch,
2372722300000,Fransyska i bit,
7311070006315,*Mini Snäcka,
7310520006851,*Smash påse,
5449000131843,*Cola Zero 2l,
7318690502029,Juice äpp/cit/ing,
7318690508007,Paj Kyckl&Broccol,
7311379532287,Bistro Brioche Hot,
8718951197046,*Flytande tvål Milk,
8718951197060,*Flyt Tvål Milk & H,
7318690127109,Grana Padano 12mån,
7310130012587,*Müsli Frukt & Bär,
9008,*maple pecan,
7350037193767,Papa,
7310865078353,Turkisk matyog 10%,
7318690037552,Ärter m fläsk ICA,
7310350118359,*Kexchoklad 8-pack,
7313940012921,Str bröstfilé ci&v,
7312599044529,Strumpa 43/47,
7313307801564,basilka,
7313940012600,Kycklårfilé strim,
7310401047430,Läsk Zero,
7350078576314,Närvärpt ägg 30-pck,
93250,Banan fairtrade,
7312690207571,ChokladBrownie,
7318690490012,Ravioli 4 ostar,
7318690505198,Ravioli gorgonzola,
7310867524001,Tzatziki,
5449000133335,*CocaCola Zero150cl,
6407850056661,*Plättar,
2320263500000,Rostbiff bit nöt,
7311372193249,*Korvbröd 8-pack,
7331642042909,Bikarbonatpasta,
7318690490029,Tortell ost/skinka,
7350025544502,*Vitlöks salami,
7318690508663,Kyckling BBQ skiv,
7318690142010,Kycklingbuljong,
7310865072771,LCF Parm/Vitl 14%,
4100290025885,*Pucko Chokladpudd,
2332809000000,Små & fina filéer,
7318690140382,Vispgrädde 36 %,
7318690131298,Finmald Kalvfärs,
7350056793023,Grekisk Yoghurt,
7331044075918,Kalkonbröst xrökt,
7311311025686,Tortilla Original,
7318690042044,Nötfärs 5%,
7300200456007,Nötspett t c pepp,
7318690041023,Vetemjöl,
7310240077575,*Calzone ost&skinka,
7350014910523,Vätskebalans,
8717154053777,*Guacamole Neutral,
4612,Ingefära,
7318690490821,Jordn.smör Crunchy,
6407800001581,Lönnsirap plättar,
7350060704107,Pastasås Napoletan,
7350126085324,*Penne Salame,
7340063015706,Prinskorv,
6954821584253,Vitlök nät 250g,
7310867548557,Yoghurt Skogsbär,
7391049002821,Bröstfilé,
7340063013009,Isterband,
7313619001652,Lemonad Päron,
7350046676473,Rökt skinka,
8410076491916,*Taco Spice Mix,
7310470061108,*Vaniljsås,
8714789417066,*Colgate Tandb 1p,
2319117000000,Fransyska nät vac,
7350002402719,Halloumi,
7310240756692,Rotmos,
7318690509615,Handtvål Flower Ho,
7310731101703,Kaffe Selected BR,
7310960027300,Kycklingpaj,
7312720011253,Herrl Rabarber,
2307101700000,Kycklingben majs,
2330096600000,Nötfärs 12%,
7310960027270,Ost/skinkpaj,
7310960034469,*Tacopaj,
7318690081685,Handtvål Mang papa,
2372713300000,Grillkarré bbq,
7350090451057,Kebab original,
7392672003667,*Kvarg Stracciatell,
7331335000025,Presentpapper,
4594,Gurka klass 2,
7350021422699,*Kokosolja EKO Virg,
7311310038564,Mexican Pita,
7310861015024,*Recovery Chocolate,
7310861015000,*Recovery Strawberr,
5000159311373,Snickers Strut,
7350058335085,*Cels Froz Berry B,
7310240055368,*Feli Äpplemos gl,
7350058335580,*Kiwi Guava,
7310867501279,Lantmjölk Original,
7318690088943,*Lantskinka rökt pl,
7350058335597,*Strawberry Lemonad,
7350058335610,*Summer Vibe,
7311312003409,Tikka Masala Sauce,
7350058330127,*White Peach,
7350058335078,*Cels Crispy Pe B,
7350058331704,*Celsius Hall/Acai,
2372748800000,Fläskytterfilé BBQ,
7350058335535,*Mango Passion,
7318690158257,Kycklingbröstfilé,
5000112638868,*Läsk Zero Vanill33,
7318690062837,*Pizza Kebab,
2332810800000,Str.kyckl. vit/ch,
7392672104050,Turkisk yoghurt,
7318690185581,Papardelle per/vit,
8410076472410,Tortilla,
7318690508243,Vallmotoast,
7318690140191,Mellangrädde 27%,
7310401050232,Mixer Tonic Zero,
7310401050225,Pink Tonic Zero,
7318693555800,Druva grön kf ICA,
7312720011239,Herr Svartvinbärs,
2332804000000,*Kyckl.file,
7318690185284,*Makrill i tomats,
7318690036050,*Pizza Capricciosa,
7318690148883,Våtservett Toalett,
7310865083418,*Gräddfil 12%,
5000112654264,*Koffeinfri,
2330072500000,Lövbiff,
5012254061206,*Balsam Lux Moistur,
7350101195123,Choklad seasalt,
7310865889157,Cottage Cheese Van,
7318690507987,Paj Ost- & skinka,
3415581114928,*Salted Caramel,
7318690505211,Salsicciafärs,
7310865008060,Cott Cheese nat 4%,
7311631500603,Fink Hush.salt Jod,
7330797080255,Skinka rökt strim,
8710449956685,Sötpotatisklyftor,
7318690082392,Tagliatelle u ägg,
7310072000635,*Cola Max 6p,
2319232400000,Herrg 28% mellanla,
7392672002066,Kvarg blåbär utan,
7300201048003,Lammkorv Merguez,
7300206706007,Bratwurst Scan,
7340063010701,Chorizo,
7310130321283,Gyll Havregryn,
7318690115151,Mellanmjölk 1.5%,
7310380216254,Packtejp klar,
7310532114070,Super Crunch,
7318690512318,Handtvål peach,
7313593559002,Ice Tea Peach,
7310401050478,*Pink Tonic Zero,
8719956498213,*Choklad Brownie,
8719956498190,*Vit Choklad,
8430697832080,Druva grön kf ICA,
2319135300000,Ungnötslever bit,
7392672002059,Kvarg hallon,
7392672002448,Kvarg vanilj US,
7300322510007,Kycklinginnerfilé,
5000159509633,*Snickers White,
2340428600000,Grevé 28% mild,
7318690153696,Fotfil,
7310380512738,Hushållsduk 4p,
6414301053919,TOALETT DEKOR,
7310867548533,Yoghkvarg Jo/Lime,
7318690098805,Kebabstrimlor,
7340063014853,Ost- och bacongril,
7310401046754,Zero Läsk,
2312725700000,Cheddar 32%,
7318690082286,Salladsost,
7318690501657,Vetelevain,
7318690512295,Handtvål Almond,
7318690502098,Chokladmjölk UTS,
7310380216810,Batteri LR03 AAA,
7330817832628,Kycklingfilé,
7318690104261,Cott cheese nat 4%,
7310865086259,Ljus chokladmjölk,
2372782100000,Nötfärs,
7300200660008,DeliGrillkorv smal,
7392964188935,Ägg M 18pack,
2319179100000,Gouda bit,
7312331808549,Grillad Kyckling,
5760725237741,Tacokyckling,
7313134012478,Kollegie rutat A4,
7318690512622,Mjölk 3% ESL,
4091,Sötpotatis,
7350029941031,Amandine,
7330817032639,kycklinglårfilé,
5000159529549,Snickers Ice Cream,
6416453062122,Ögon Cacao,
7313619002130,Fruit Crush Ap Rhu,
7310240051261,Rödbetor skiv,
5740200016153,Brie Ekologisk,
4001686372975,*Godis Roulette Sou,
7310867502344,Iskaffe med mjölk,
6409630008693,Salami Vitlök,
5410188031836,Trop Apelsin orig,
7311070006322,Små kanelbullar,
7310401051741,Trocamust,
7310062443121,Ägg Frig utomh M/L,
7350020120145,Färdiggrill Kebab,
7318690513780,Ravioli tomat/mozz,
7393481005880,Handtvål jasmine,
7310070005342,Julmust,
7318690172970,Bad & Toalett 16-p,
19500,Grp art Kolonial,
7318690187400,Mat&Kök hushåll XL,
7350028548453,Gainomax Rasberry,
5711953147746,Klass vaniljsås,
94232,Banan Eko,
7350046676572,Basturökt skinka,
7350028548477,Gainomax Lemonade,
7310375547905,Pepsod Tandb 1p,
7318690508779,Bacon,
7350058331100,Celsius Citr/Lime,
2319240100000,Gouda cheese 30%,
7318690177814,Bacon,
7340154812665,Dr pepper Straw,
7316350315040,Morot,
7310401051758,Trocamust Zero,
5449000099785,*Coca Cola 4x150cl,
7310865560759,Normsalt Smör Ekol,
4100290027131,Iskaffe Hazelnut,
8006540956663,YES Original,
7310890201030,Äppelpaj,
3415582301921,Häagen-Dazs DUO,
7318690508762,Frigående S-L,
2340396000000,Jämtländsk Hush26%,
7310830020318,*Royal,
2319190900000,Laxsida,
7318690075523,Babyplommontomat,
7393145093604,Tunnbröd,
7310380458395,Avfallspåse,
7350092180030,Humm Blåbär,
7318690513254,Nötfärs 12%,
7318690513728,Spaghetti,
7310063446121,Ägg Frig M/L 18 p,
2012345600000,Citroner i nät,
7350060704114,Pastasås Arrabbiat,
8001665723282,Girasoli Chèvre,
7350025540061,Julskinka,
7350060704336,Ravioli Västerbott,
7318690170426,Juice Apel Ma Pass,
8001665724968,Ravioli Brasato,
7332456000819,Ryggbiff,
682430611744,Voss Vatten,
7318690508939,Basmatiris,
2340101900000,Cheddar 32% XL,
7313940027000,Kycklingbr.filé gr,
7622201636951,*Chocolate Filled,
7318690512301,Handtvål Aloe,
2354873100000,Koktskinka ojämna s,
7318690170419,Nypr Apelsinjuice,
7300300050853,Nötfärs 12%,
7340063016406,Roslagsgrill,
7350054202213,Väddö Kladdkaka,
7318690066903,Ägg M/L frig,
7350000552119,Apelsin Havtorn Gu,
2307115100000,Kycklingfile,
2330078000000,Entrecôte,
7350113940438,Salladsost,
2328015000000,Ryggbiff Irland,
2307116700000,Majskycklingfilé,
7311312007728,*Potato Pops Cheese,
7311312007858,*Potatopops Lök,
7300200438003,Entrecotekorv Chim,
7310865005151,Sv Smör NS 82%,
7318690161882,Vatten Päron/Äpple,
2330072100000,Ryggbiff,
7318690507796,*Vatten Mandarin,
7310867531313,Bara Yog Fru Bl/Bj,
2373761300000,Biff m kappa bit,
5711953169854,Chokladmjölk 0.5%,
7318690489788,ICA Merpack Äpple,
4014400902495,*Kola choc toff Rie,
7300300045842,Lunchkorv 4-pack,
7340131603682,*Nyhet v3 2024,
7350064540473,Grillad kebab,
7318690082415,Hela tomater,
7331147138558,*Kallrökt skivad lax,
7318690514602,*Krossade tomater,
4645,Svamp Champinjon,
7622201056643,Daim kaka,
7622201679040,*Fingers,
7318690508908,Kycklingköttbullar,
7314710720084,Saffransdrömmar,
7310401052441,Troc Gel.Ha Zero B,
7350146811576,*Dimma,
7311379536292,Frisco Hamb.bröd,
7392304211248,Lök gul 1kg,
8024460150534,Olivolja Eko,
8000430395686,Parmigiano Reggiano,
8076809523776,Fettuccine,
7310865081650,GodM Äpplejuice,
7318690505778,Matchkorv,
7350146810234,*Norrland B,
7340195404980,*Norrsken äpple B,
7318693359286,Gul Lök 500g,
7313940012792,Kycklinginnerfilé,
8004603100831,*Mozzarella 100gr,
7100,Pepparsalami,
7332870046516,Berthåga honung,
7318690177821,*Bacon,
7318690051862,Laxpudding,
7350021423184,*Prob Rasberry,
7350021425812,*Crispy Pear BCAA,
4023103222984,Hushållsduk 10p,
7318693356339,Lök,
7318690127611,eco Kokosolja,
7318690162162,Vatten Jordg/Rabar,
2386660100000,Biskopsost 30%,
7350027794530,*Halloumi,
2332812100000,Minutstrimlor,
7350106060242,Basmati ris,
7318690069553,Hamburgare tex-mex,
7318690130840,Vittvätt pulver,
7071322968111,BELLY LAXLOIN,
7350146810203,*Energi Frost B,
2386665400000,Biskop premium,
7332205221205,Fast potatis,
7622201637699,Oreo Creme,
7310050001043,Kaffe Original,
7318690014355,Kamomillte,
7318690127086,*Mozzarella,
7332462077256,Potatisstöt,
7350146810395,*Solsken B,
7311311004810,Vitpeppar Malen,
7340131603620,*Juicy Ruby,
7340131602135,*Mango del sol B,
2319258900000,Rostbiff skivad,
7311310031015,*Taco Spice Mix,
7350146430074,Halloumi,
7350058335696,*Orange Rush B,
7318690158462,Handdisk skogsbris,
2499,Kärleksmums,
7311041045091,Paprikamix,
2372791400000,Rostbiff i bit,
2320258600000,Entrecote bit nöt,
7350002402702,*Grekisk salladsost,
6430048448115,Vaniljglass LF,
2372733800000,Högrev,
8718951122758,Tandb Gold Soft,
7318690186120,*Potatis fast,
2330045600000,Rostbiff,
7318690516422,Hamburgare Folke,
7392672003780,Kvarg naturell,
7318690491170,Svenska Blåbär,
7318690162100,*Vatt Hallon/Grape,
7318690185277,*Makrill i tomats,
8001665128681,*Tortellini ski&ost,
8001665128674,*Tortelloni Ricotta,
7350049150833,Whey-80 Jordgubb,
8005510001549,XJungfru Delicato,
2386660200000,Biskopsost Brän31%,
7622300589882,Cookies mjölkchokl,
3415582300924,Häagen Dazs Duo,
7622201636807,Soft Inside,
7310760012315,Gran Dia Brygg,
7622201099374,Havssalt,
7318690051596,Potatis färsk,
7311311004865,Svartpeppar hel,
7318690489801,*Gr.äpp/Lime ÅP,
2330063300000,Flapsteak,
8680417214232,Mahmood Sella,
4728,Potatis fast,
5711953161643,Daily Brew Vanilla,
7310401052625,*Hallon Rab ÅP,
7310401000053,*Loka Citron,
7350058336082,Energdr Jungle V B,
7350021422194,*Coconut water,
7318693360336,Morot små ICA,
7318690102366,Te chai,
7318690174646,Guacamole,
7318690515999,Köttbullar o mos,
7310865003775,Creme fraiche 32%,
7340063010800,Kielbasa,
7311379532058,Korvbröd 16-pack,
87157635,Tomatketchup,
6416710301407,Halloumi,
7622300544010,*Chokladkaka sea sa,
7350060704411,Pizza Capricciosa,
7350060704404,Pizza Salami,
7318690089766,Vitvinsvinäger,
9005,ost-chiaruta 90g,
7310865093981,Proteinmjölk blåb,
7340063012804,Chili cheddar grill,
7046110315347,Flytande Handtvätt,
7311070006339,Gifflar Raspberry,
7318690085034,ICA B Sm&bak ark24,
5701017415539,Klorrent,
7313619002161,Litchi Lemonade,
5701098051169,Ugn/Grill Cleaner,
7318690094739,Dijonsenap,
7350076437709,Gullök påse,
2328018900000,Flanksteak,
7318690140412,Lätt Creme Fraiche,
7310500000404,Pasta Alfredo,
7310070006493,*Svarta vinbär,
7310070004468,*Vatten Päron,
7318690182412,Bacon tärnad,
2212,Grekisk lantfralla,
7310865093998,Proteinmjölk vani,
7350000551396,Ananas äpp inge NS,
8906063130512,Druva grön kf ICA,
7310867563215,Fruktdryck Ape/Äpp,
2340420600000,Götene Hushållsost,
7312338009109,Långrökt skinka,
5760466642019,Vitost hel bit 17%,
7300328192009,Kycklingfilé BBQ,
7310401000091,Loka Päron 1.5l,
7318690508991,Nötfärs 12%,
7332456000901,T-Bone Steak,
7318690053736,Hamb.ost m cheddar,
7316150670271,Olivolja Classico,
7310401046785,*Mango Lime,
7313130162580,Flaskborste 50mm,
4016241050311,yog jordgubbe 0.2%,
5711953168116,Mild Blue,
2331641700000,Valätt 10%,
7350013136931,Viltfångad laxsida,
8445290143754,Vätske Skogsbär,
7318690513704,Fettuccine,
7318690516408,Färskkorv Folkeost,
8006540956571,*Platinum Original,
7350155160245,Stockholms Lemonad,
2386660400000,Prästost 5-7m 31%,
7318690128106,Skavsårsplåster,
7318690115168,Lättmjölk 0.5%,
7310401042985,*Jordg Granatäpple,
7318690509233,Lammfärs 20%,
7340131603781,*Energdr Berruba,
6430048448405,Jordgubb Vanilj gla,
7340131603804,*Summer 2,
8435320605017,Babyplommon tomat,
7350089431213,Fresh Soda,
17960,Grp art Chark,
7310090394167,Ice Tea Peach&Love,
7350025540047,Grill kyckling stp,
4664,Tomat röd kvist,
8436534684850,Babyplommon tomat,
7622210865335,*Dubbelnougat,
5711953153846,Kvarg naturel 0.2%,
6430048449464,Smörkola & Crunch,
7318690509219,Kalvfärs 15%,
4016241050557,Kvarg pers&pass,
50112814,*Pwrade Citr/Lime,
7310375547707,Tandb Prof soft,
2330071100000,Flapsteak mörnings,
7318690509608,*Handtvål Lemon Spa,
7318690513889,Tortellini pros GL,
7350056793030,Turkiskt Yoghurt,
6111255910724,Babyplommon tomater,
7318690491712,Bulgur grönsaksmix,
7350027793731,Mozza buff capana,
7350058336211,Summer Vibe,
7315720071036,Honung krav,
7312338007839,Kyckling cit&timja,
5711953070266,Brie ex creamy 39%,
7350100521077,Tonic Botanical,
7350100521084,Tonic Midsummer,
2319143300000,Lövbiff,
8002670008890,Mozz High Protein,
6430048449198,3 vänner glasstrut,
5449000259127,*Cola Zero 6p,
2330059700000,Lövbiff,
4959,Mango,
4009900505512,*Melon Mint Burk,
5762385534970,Sidfläsk sk Tulip,
7318690173885,Äppeljuice,
7310380458470,Diskborste,
6504,Parm Regg 22 mån,
7316150674200,Jungfruolivolja Or,
7310401013350,Läsk Indian Zer1.5,
6001,Cheddarost,
7318690509257,Högrevsfärs,
7310731101666,*Kaffe Mollbergs Br,
8717677336593,Mjölk Choklad,
2319298000000,Parmigiano Reg,
7310200000018,Gripen Aceton,
7622300346676,*Gräddnougat,
3176580026017,Brie Fransk 31%,
7310865074225,GodM Äpple,
7300201432000,Grillkorv bac&ost,
7311379532072,Korvbröd 10-pack,
7311372167004,Potato Hot dog bun,
2328016400000,Högrev,
8435320608018,Körsbärstomat i ask,
5060517883683,*Mango Loco,
7318690513247,Nötfärs 12%,
5060947541245,*Ultra Rosá,
7638900381795,Knappcell CR2450,
7300322544002,Kycklingfilé,
7318690177838,Stekfläsk skivat,
8720701143524,*Choklad karame,
8719200191280,Färskost Vitlök,
7350075693809,*Tandb Plant based,
7330817032684,Kycklingben,
7391814007587,Macamianötter r/s,
7300298735008,Ostschnitzel,
7311372147730,Potato Burger bun,
7311311017438,Citronpeppar,
7311870011205,Götene Hushållsost,
8681657351077,Bulgur Pilavlik,
4014400915143,*Chocolate Toffee,
7311631800307,Salt Mindr Natrium,
7391691072937,Tvål Basic Refill,
7310960037057,Västerbottensostpa,
2307129300000,Kycklårfilé chili,
2320577700000,Nötskivor,
7311070008432,*Råg Levain osötat,
7311311023477,*Tomato Herbs,
7310401047270,*Fläder Päron,
7318690513803,*Ravioli svamp,
7300298954003,Schnitzel,
73513513,*Coca Cola 50cl,
7310520021915,Double Brownie,
7310401003306,Tonic Water 1.5l,
7340131605235,*Blue Raspberry,
7622210059956,Godis Drömkrisp,
7300203503005,Stekfläsk skivat,
2340420400000,Götene Hushållsost,
7350146810470,*Nyhet v.37,
2319259200000,Sjömansbiff,
7320081190302,Ättika 24 %,
8003520029157,*Tvål Milk&Hone ref,
5774540920504,Marsipanbröd,
5449000259172,*Coca-Cola 10p,
7318690513698,*Fettuccine,
7310470065021,*Jordg.kräm 1l Ekst,
6111251380392,Körsbärstomater,
8007660623268,Salami med tryffel,
7622201777197,Tryffel,
7350049153483,Whey-80 Choklad,
5900951311505,*Chokladbar sgl,
6407850056487,Kvargplättar,
7310830020325,Lindvalls 77,
5900951313592,*Twix sgl,
2307128900000,Bröstfilè Marin,
7300400482523,*Cranberries&Oat,
5711953162688,Cream ch Naturell,
5711953162718,Cream ch Vitl&Ört,
7318690079927,ICA Bsc hushåll,
8714789726168,Munskölj Cool Mint,
6405940114574,Paprikamix,
7318690505723,Städservetter,
5060608747993,*Reign Peach Fizz,
6409630008686,Salami Peppar,
9055,*Dots hasselnöt,
7350027798330,Mozzarella Eko,
3073781195323,Smältost 8P,
5449000259110,*Coca-Cola 6p,
6111243381567,Körsbärstomat i ask,
7318690512172,Salladsost natu,
90457302,Winter Ed,
7310070005335,Julmust S.fri,
7318690130420,Matgrädde 13%,
8711000538050,*S.kaffe Mella Refi,
5705010069515,Äpple/Fläder,
5000112637908,*Cola Vanilla,
7350077758056,Energy Passion,
7340195401132,GAAM Straw/Pine,
7350144680037,Mango Pineapple,
7350144680044,Pear Elderflower,
5060608741816,*Reign Sour Apple,
8711327583610,Double Starchaser,
7392890005214,Sea salted caramel,
7311070006230,Vanillas,
2307116800000,Majsfilé 4-pack,
5774540137902,Caramel Crunch,
5774540137506,Dark 70% Rich,
7311070347326,Gifflar saffran,
5449000259240,*Cola Zero 20p,
90376825,*RedB Blue Edition,
7318690513742,Tortellini Ski/ost,
7393481005897,Tvål Wild Honeysuc,
7350000550573,Fruktdryck Blåbär,
7318690089001,Pepparsalami plb,
9004,Småbröd,
8717163097700,*Dove Tvål 500ml,
7318690513766,*Tortellini ric/spe,
7318690515883,Jordnötsmör Crunch,
7311875904342,Mozzarella 21% Riv,
5711953081330,Protshake vanilj,
7310520021724,*Smash chokladkaka,
7350122560238,Saffrankladdkaka,
7340154813884,Voss Us,
7313619001959,Ginger shot,
7311631503000,Medelhavssalt jod,
4030,Kiwi,
8711000530085,Kaffe Brygg Mellan,
2340379700000,Fam.fav Edamer 23%,
7310130321238,Gyll Fiberhavregry,
7310380551591,Blomjord 10L,
7392672001465,Kvargyogh Jordg,
7318690127185,Mozzarella Ekol,
7318690491958,ICA Babyplommontom,
5741200319831,Mini Vårrullar,
7350126088707,*Pizzarulle Mozzare,
7350025545653,Julskinka,
7310510002566,*Paradis,
8711327536180,Duo Sandwich,
7312060700459,F.A. Nötkola,
5449000015594,Fanta Exotic,
7300209858000,Färskkorv Kabanoss,
2340389200000,Grevé ost,
8033629409949,Protein Sandwi Kok,
7318690101086,Salame Milano,
7318690101079,Salami Napoli,
8717677336616,Choklad Almond,
7318690513230,Högrevsfärs,
7318690489856,ICA Silverlök 300g,
7300207273003,Prinskorv,
8033629409956,Protein Sandwi Cho,
7318690513810,*Tortellini bologn,
7318690508960,Basic Ättiksprit,
7311311020636,Tortilla Wh Wheat,
7318690517979,Riven ost,
7391835018159,Äppelcidervinäger,
7310520021571,Double Vanilj,
7318690174172,*Gnocchi,
4595,Gurka styck,
7300300050839,Nötfärs 12%,
7318690028420,*Pasta Spirali,
7331157001071,*Vasa Julmust,
3415581122831,Häagen Macadamia,
3206,Kiwi ICA,
7312338006566,Kokt Skinka,
2313115000000,Nötfärs 12%,
7316198882094,Juladresser X7,
7316195030115,Julpapper Metall,
7350002404522,Spaghetti,
8002004211927,Gran Biraghi f.riv,
7318690064473,*ICA Vetetortillas,
7318690156284,Köttbullar,
7318690510079,Tacosås,
7310401003221,Ginger Ale 1.5l,
3415581113839,Häagen Belgian,
3415583000830,Häagen Macaron,
7350042722419,Umamidressing,
2340418900000,Herrgård® 17% lagr,
8001665728072,Ravioli Rökt lax M,
5000159483063,Bounty 6-p,
9002490215675,*Energidryck 4p,
7318690512516,Handtvål Almond,
7300202665001,Stekfläsk m svå,
3073781191080,Snackost,
2091838800000,blåbärvaniljlängd,
7318690185765,Drickyoghurt Mango,
7312338006627,Extrarökt Kyckling,
7330797077095,Grillad kyckling,
7318690161660,Korvstroganoff ris,
7300201878006,Rökt skinka EKO,
7318690020653,Kiwi korg,
6409630008525,Pepparsalami,
7310865889409,Mjölkdryck 1.3%,
7318690513292,Kaffefilt no4 200p,
7318690124467,Örtkryddad kycklin,
7350054797443,Dadlar Chokladboll,
7310867546614,Kvarg Mango/Pass,
7350144680020,Lemon Lime,
7318690516521,Guacamole,
5762385638364,Bacon sk Tulip,
7310731101635,Julkaffe brygg,
7310401055381,*Persika Päron,
7310240078862,Stor Ost&Skinkpaj,
8718951553224,Tandkr Sens White,
7318690153689,Kycklingvingar,
7313940013119,Kycklingfärs,
2307310300000,Kycklinglårfilé,
2319143200000,Lövbiff sk ICA,
7350161680010,Pizza Kebab,
7318690497226,Tortellini ost/ski,
5000112637922,*Coca-Cola Burk,
7311877014100,*Fam gouda 28% sk,
7340005405367,Nötmix HonungChili,
3541,Äpple red delicious,
2330045300000,Fläskytterfilé,
8002670353006,Quattrocento,
7318690513759,Tortellini Ski/ost,
8076809523561,*Classico,
8076809569408,*Garlic sauce,
7310532304716,Paprika chips,
7310865005168,Smör normalsaltat,
8711327555792,Magnum Michelangelo,
7330797089012,Skinka rökt Pärsso,
7350049150956,Whey-80 Vanilj-Pär,
7340195404997,*Fjällen Energi,
7350146811996,*Månsken Latitude,
2319155700000,Herrgård 28% mild,
2319118300000,Karré bfr vac,
7318690508281,Minibaguetter vit.,
7310130003240,*AXA F-musli bluebe,
7318690490159,Girasole tomat moz,
7350041420088,Grillkorv Purj&Sam,
7331040059219,Coca Cola 2l,
7350144680068,Rhubarb Raspberry,
7318690512103,Ärtsoppa med fläsk,
7311070006353,Gifflar Kardemumma,
7300202770002,Stekfläsk,
8908022656309,*Basmati Rice Class,
8006663003688,Parmigiano Reggiano,
4081,Auberginer,
2319317800000,Laxfilé helsida,
2322191000000,Herrgårdsost,
7340131601978,*Limón Del Sol,
7340131602166,*Sunny Soda,
5449000000439,*Coca-Cola 150cl,
7310960024194,Grekiskt Lantbröd,
7310960031819,Italienskt bröd,
7340052530708,Stekfläsk rimmat,
7320020038078,Kycklingkorv Papri,
7310831020058,Mörkrost Paket,
7318690166801,Plättar,
7350031135473,Bâtard Campagne,
2330060700000,Karré mb skivad,
17609,*Estellefläta,
7310960785323,Franskbröd,
7318690187257,Panerad schnitzel,
5711953156304,Famfav Gräddis sk,
7340131608007,*Focus Cola,
7331961100229,Grekiskt Lantbröd,
7340183500182,*Homie Jordg/Rabarb,
7350146811668,*Hajk B,
2340323100000,Herrgård Eko,
7300324012004,Kyckling skivad,
8749514832142,Cocktailtomater,
4009900399432,*Extra White Spearm,
2340375400000,*Hushållsost 26%,
4009900527873,*White Melon Mint,
4009900527897,*White Sweet Mint,
7318690520184,*Asparagi e pancett,
7318690490135,*Cappellac pesto/bu,
5000159557405,*Chokladbar,
7318690504986,*Mezze Parm/Tryffel,
7310380472162,Grillspett bambu,
7311041045060,Gul lök i nät,
7340063010855,kabanoss,
7312690800314,Sandwich,
7340131605686,*Arancia B,
5707196031836,*Bacon skiv,
7310960043492,Franskt lantbröd,
7311312007629,Naan bröd vitlök,
7340131605099,*Stellar Blend,
3210,Äpple Granny ICA,
7311312000873,Chunky Salsa Mediu,
7310760012308,Classic Festivita,
7311310031367,Fajita Spice mix O,
5711953168437,Kata,
4710,Paprika grön,
7318690513834,*Perline Parm.Regg,
7340063032024,Salsiccia Fänkål,
7311311021169,Tortilla Original,
7340131605747,*Limited Edition B,
7340131602142,Blood Orange Del S,
7340131601619,Nocc Raspb Blast33,
7310865074522,Gammald. Mjölk Eko,
7312690500085,Gräddkola,
7312060502343,Mörk choklad,
7340131601008,NOCCO BCAA Päron,
7392672104104,Yoghurt Turkisk,
7318690513773,Tortellini ric/spe,
7318690165958,Grilj påskskinka,
7350126088677,*Pizzarulle Kebab,
7318690177890,Bacon tärnad,
7340052541261,Kabanoss,
9002490215439,RedB Energi S.fri,
7350014910844,Creatine Monohydra,
8430543016633,Körsbärstomat i ask,
2371582700000,Nötytterfilé,
7310960044451,Levainbröd,
7318690517030,Snabbfilé cajun,
7331210144851,Batteri LR6 AA,
5060108454995,Fever Tree Spanish,
8715817190104,Tomat Cherryvine,
7310380458487,Diskborste,
7350056793016,Grekisk Yoghurt 0%,
7311311014017,Grillkrydda,
7318690115182,ICA Tandb Mjuk,
7318690517986,Mozzarella riven,
7318693356407,Rödlök ICA 1kg,
7310130311048,AXA Mannagryn,
90474538,*Energidryck White,
7318690182337,Fiberhavrgr KRAV,
7311312007865,Granola Pekan Lönn,
2320278000000,Kalvlever,
8423223004686,Cocktailtomater,
6408430407675,*Protpudd Choklad,
7331961051255,Napoleonbakelse,
7350056793153,Gr.Yoghurt Blåb 0%,
7350056793139,Gr.Yoghurt Vani 0%,
7350059440085,Kyckling mild vitl,
90457937,*Pink Edition SF,
7318690176138,Kycklingbröstfilé,
7350144680075,*Peach Strawberry,
6414301095452,TOALETT CLASSIC,
7350059440245,*Dumpling biff/chili,
7350059440238,*Fläsk Sichuan,
